time,eigenvalue,h,max_power,power,power_scaling,total_power
0,1,0,0,0,4.0452915630297e+17,220834640
1,1.1361204427512,0.067689055150219,35697776.10163,0,4.2660708704174e+17,220834640
